edges_traj;traj_occ_list;traj_alt_occ_list;traj_supp;traj_freq;traj_exp_ind;traj_var_ind;t_stat_ind;t_stat_norm_ind;pval_ind;traj_exp_perm;traj_var_perm;t_stat_perm;t_stat_norm_perm;pval_perm;traj_exp_topol;traj_var_topol;t_stat_topol;t_stat_norm_topol;pval_topol
[GL->-TP53,g->-GL,g->-TP53];[18, 22, 23, 26, 27, 45, 52, 61, 63, 65, 70, 71, 72, 75, 76, 78, 80, 82, 83];[18, 22, 23, 26, 27, 45, 52, 61, 63, 65, 70, 71, 72, 75, 76, 78, 80, 82, 83];19;0.2261904761904762;0.03808619479537847;0.00037403620427122093;0.18810428139509772;9.726170085307496;1.3552072309174242e-15;0.05005668934240363;0.0004534070808973628;0.17613378684807257;8.271771393267088;1.673792469872807e-13;
[GL->-KRAS,g->-GL,g->-KRAS];[16, 22, 27, 33, 34, 36, 37, 39, 41, 44, 45, 46, 51, 53, 79];[16, 22, 27, 33, 34, 36, 37, 39, 41, 44, 45, 46, 51, 53, 79];15;0.17857142857142858;0.0318942338840298;0.00030835126463790404;0.14667719468739876;8.352947046206532;4.1520514455782324e-12;0.046938775510204075;0.0003796932605241643;0.1316326530612245;6.755339659832921;5.166997354497358e-10;
[GL->-EGFR,g->-GL,g->-EGFR];[6, 9, 11, 17, 18, 23, 25, 38, 45, 48, 52, 61];[6, 9, 11, 17, 18, 23, 25, 38, 45, 48, 52, 61];12;0.14285714285714285;0.027836694201490122;0.0002637562719340324;0.11502044865565272;7.082289242486747;2.2144274376417233e-09;0.04316893424036281;0.0003313892166844063;0.09968820861678004;5.476140795318226;2.0667989417989424e-07;
[EGFR->-TP53,TP53->-EGFR,g->-EGFR,g->-TP53];[0, 3, 18, 19, 21, 23, 45, 47, 52, 61, 66];[0, 3, 14, 18, 19, 21, 23, 45, 47, 52, 61, 66];11;0.13095238095238096;0.0533985260770975;0.00035890218912532497;0.07755385487528346;4.093693618823549;6.562243509648754e-05;0.06706349206349206;0.00037357441086789976;0.0638888888888889;3.305497059303949;0.0008518820861678003;
[GL->-PIK3CA,g->-GL,g->-PIK3CA];[6, 33, 61, 64, 65, 71, 73, 76];[6, 33, 61, 64, 65, 71, 73, 76];8;0.09523809523809523;0.014244816974408811;0.000143536600095494;0.08099327826368642;6.760326170909209;2.259619834328289e-07;0.017687074829931974;0.00016958115445724775;0.07755102040816325;5.955232517503486;1.1810279667422527e-06;
