edges_traj;traj_occ_list;traj_alt_occ_list;traj_supp;traj_freq;traj_exp_ind;traj_var_ind;t_stat_ind;t_stat_norm_ind;pval_ind;traj_exp_perm;traj_var_perm;t_stat_perm;t_stat_norm_perm;pval_perm;traj_exp_topol;traj_var_topol;t_stat_topol;t_stat_norm_topol;pval_topol
[GL->-TP53,g->-GL,g->-TP53];[18, 22, 23, 26, 27, 45, 52, 61, 63, 65, 70, 71, 72, 75, 76, 78, 80, 82, 83];[18, 22, 23, 26, 27, 45, 52, 61, 63, 65, 70, 71, 72, 75, 76, 78, 80, 82, 83];19;0.2261904761904762;0.03808619479537847;0.00037403620427122093;0.18810428139509772;9.726170085307496;1.3552072309174242e-15;0.05005668934240363;0.0004534070808973628;0.17613378684807257;8.271771393267088;1.673792469872807e-13;
[GL->-KRAS,g->-GL,g->-KRAS];[16, 22, 27, 33, 34, 36, 37, 39, 41, 44, 45, 46, 51, 53, 79];[16, 22, 27, 33, 34, 36, 37, 39, 41, 44, 45, 46, 51, 53, 79];15;0.17857142857142858;0.0318942338840298;0.00030835126463790404;0.14667719468739876;8.352947046206532;4.1520514455782324e-12;0.046938775510204075;0.0003796932605241643;0.1316326530612245;6.755339659832921;5.166997354497358e-10;
