edges_traj;traj_occ_list;traj_alt_occ_list;traj_supp;traj_freq;traj_exp_ind;traj_var_ind;t_stat_ind;t_stat_norm_ind;pval_ind;traj_exp_perm;traj_var_perm;t_stat_perm;t_stat_norm_perm;pval_perm;traj_exp_topol;traj_var_topol;t_stat_topol;t_stat_norm_topol;pval_topol
[GL->-TP53,g->-GL,g->-TP53];[18, 22, 23, 26, 27, 45, 52, 61, 63, 65, 70, 71, 72, 75, 76, 78, 80, 82, 83];[18, 22, 23, 26, 27, 45, 52, 61, 63, 65, 70, 71, 72, 75, 76, 78, 80, 82, 83];19;0.2261904761904762;0.03808619479537847;0.00037403620427122093;0.18810428139509772;9.726170085307496;1.3552072309174242e-15;0.05005668934240363;0.0004534070808973628;0.17613378684807257;8.271771393267088;1.673792469872807e-13;
