edges_traj;traj_occ_list;traj_alt_occ_list;traj_supp;traj_freq;traj_exp_ind;traj_var_ind;t_stat_ind;t_stat_norm_ind;pval_ind;traj_exp_perm;traj_var_perm;t_stat_perm;t_stat_norm_perm;pval_perm;traj_exp_topol;traj_var_topol;t_stat_topol;t_stat_norm_topol;pval_topol
[EGFR->-TP53,TP53->-EGFR,g->-EGFR,g->-TP53];[0, 1, 2, 3, 4, 5, 6, 7, 8, 9, 10, 14, 34, 35, 38, 39, 41, 63, 65, 70, 80, 85];[0, 1, 2, 3, 4, 5, 6, 7, 8, 9, 10, 14, 30, 34, 35, 38, 39, 41, 63, 65, 70, 80, 85];22;0.21359223300970873;0.0705610593752064;0.00043395848396681754;0.14303117363450232;6.86604444842672;3.629148712059599e-11;0.08631530282015717;0.0004634515382801879;0.12727693018955155;5.912178366411452;2.908231508457342e-09;
[GL->-TP53,g->-GL,g->-TP53];[34, 40, 41, 44, 45, 63, 70, 80, 82, 84, 89, 90, 91, 94, 95, 97, 99, 101, 102];[34, 40, 41, 44, 45, 63, 70, 80, 82, 84, 89, 90, 91, 94, 95, 97, 99, 101, 102];19;0.18446601941747573;0.03106058604671642;0.0002487698611874573;0.15340543337075932;9.726170085307498;1.3552072309174242e-15;0.04082293111419325;0.0003015590878321983;0.14364308830328248;8.271771393267088;1.673792469872807e-13;
